node1,node2
Grzegorz Pawlik,Antoni Mitus
Wojciech Radosz,Grzegorz Pawlik
Wojciech Radosz,Antoni Mitus
Grzegorz Pawlik,Antoni Mitus
Krzysztof Gawarecki,Mateusz Krzykowski
Pawel Machnikowski,Krzysztof Gawarecki
Arkadiusz Jedrzejewski,Katarzyna Sznajd-Weron
Andrzej Janutka,Kacper Brzuszek
Karol Kawa,Pawel Machnikowski
Bartlomiej Nowak,Katarzyna Sznajd-Weron
Jaroslaw Pawlowski,Katarzyna Sznajd-Weron
Andrzej Janutka,Kacper Brzuszek
Andrzej Wieckowski,Marcin Mierzejewski
Adam Mielnik-Pyszczorski,Krzysztof Gawarecki
Adam Mielnik-Pyszczorski,Pawel Machnikowski
Krzysztof Gawarecki,Pawel Machnikowski
Blazej Jaworowski,Piotr Kaczmarkiewicz
Blazej Jaworowski,Michal Kupczynski
Blazej Jaworowski,Pawel Potasz
Piotr Kaczmarkiewicz,Michal Kupczynski
Piotr Kaczmarkiewicz,Pawel Potasz
Michal Kupczynski,Pawel Potasz
Maciej Bieniek,Pawel Potasz
Adam Mielnik-Pyszczorski,Krzysztof Gawarecki
Adam Mielnik-Pyszczorski,Michal Gawelczyk
Adam Mielnik-Pyszczorski,Pawel Machnikowski
Krzysztof Gawarecki,Michal Gawelczyk
Krzysztof Gawarecki,Pawel Machnikowski
Michal Gawelczyk,Pawel Machnikowski
Michal Gawelczyk,Mateusz Krzykowski
Michal Gawelczyk,Krzysztof Gawarecki
Michal Gawelczyk,Pawel Machnikowski
Mateusz Krzykowski,Krzysztof Gawarecki
Mateusz Krzykowski,Pawel Machnikowski
Krzysztof Gawarecki,Pawel Machnikowski
Wojciech Radosz,Grzegorz Pawlik
Wojciech Radosz,Antoni Mitus
Grzegorz Pawlik,Antoni Mitus
Arkadiusz Jedrzejewski,Karina Weron
Marta Brzezinska,Maciej Bieniek
Marta Brzezinska,Tomasz Wozniak
Marta Brzezinska,Pawel Potasz
Maciej Bieniek,Tomasz Wozniak
Maciej Bieniek,Pawel Potasz
Tomasz Wozniak,Pawel Potasz
Andrzej Janutka,Kacper Brzuszek
Arkadiusz Jedrzejewski,Katarzyna Sznajd-Weron
Nafise Nouri,Maciej Bieniek
Nafise Nouri,Marta Brzezinska
Nafise Nouri,Pawel Potasz
Maciej Bieniek,Marta Brzezinska
Maciej Bieniek,Pawel Potasz
Marta Brzezinska,Pawel Potasz
Blazej Jaworowski,Piotr Kaczmarkiewicz
Blazej Jaworowski,Pawel Potasz
Piotr Kaczmarkiewicz,Pawel Potasz
Michal Kupczynski,Blazej Jaworowski
Michal Kupczynski,Piotr Kaczmarkiewicz
Michal Kupczynski,Pawel Potasz
Blazej Jaworowski,Piotr Kaczmarkiewicz
Blazej Jaworowski,Pawel Potasz
Piotr Kaczmarkiewicz,Pawel Potasz
Pawel Karwat,Krzysztof Gawarecki
Pawel Karwat,Pawel Machnikowski
Krzysztof Gawarecki,Pawel Machnikowski
Michal Gawelczyk,Krzysztof Gawarecki
Grzegorz Pawlik,Wojciech Radosz
Maciej Bieniek,Tomasz Wozniak
Maciej Bieniek,Pawel Potasz
Tomasz Wozniak,Pawel Potasz
Pawel Bugajny,Blazej Jaworowski
Pawel Bugajny,Pawel Potasz
Blazej Jaworowski,Pawel Potasz
Maciej Polak,Pawel Scharoch
Arkadiusz Jedrzejewski,Karina Weron
Wojciech Radosz,Adam Mielnik-Pyszczorski
Wojciech Radosz,Marta Brzezinska
Wojciech Radosz,Karina Weron
Adam Mielnik-Pyszczorski,Marta Brzezinska
Adam Mielnik-Pyszczorski,Karina Weron
Marta Brzezinska,Karina Weron
Arkadiusz Jedrzejewski,Anna Chmiel
Arkadiusz Jedrzejewski,Karina Weron
Anna Chmiel,Karina Weron
Anna Chmiel,Karina Weron
Michal Gawelczyk,Pawel Machnikowski
Adam Mielnik-Pyszczorski,Krzysztof Gawarecki
Adam Mielnik-Pyszczorski,Pawel Machnikowski
Krzysztof Gawarecki,Pawel Machnikowski
Nafise Nouri,Pawel Potasz
Krzysztof Gawarecki,Pawel Machnikowski
Arkadiusz Jedrzejewski,Katarzyna Sznajd-Weron
Maciej Polak,Pawel Scharoch
Marcin Mierzejewski,Jacek Herbrych
Arkadiusz Jedrzejewski,Katarzyna Sznajd-Weron
Maciej Polak,Pawel Scharoch
Arkadiusz Jedrzejewski,Katarzyna Sznajd-Weron
Maciej Polak,Pawel Scharoch
Tomasz Wozniak,Pawel Scharoch
Maciej Bieniek,Tomasz Wozniak
Maciej Bieniek,Pawel Potasz
Tomasz Wozniak,Pawel Potasz
Mateusz Krzykowski,Michal Gawelczyk
Mateusz Krzykowski,Pawel Machnikowski
Michal Gawelczyk,Pawel Machnikowski
Antoni Mitus,Wojciech Radosz
Antoni Mitus,Grzegorz Pawlik
Wojciech Radosz,Grzegorz Pawlik
Maciej Polak,Pawel Scharoch
Anna Chmiel,Katarzyna Sznajd-Weron
Arkadiusz Jedrzejewski,Anna Chmiel
Arkadiusz Jedrzejewski,Katarzyna Sznajd-Weron
Anna Chmiel,Katarzyna Sznajd-Weron
Adam Mielnik-Pyszczorski,Krzysztof Gawarecki
Adam Mielnik-Pyszczorski,Pawel Machnikowski
Krzysztof Gawarecki,Pawel Machnikowski
Katarzyna Roszak,Pawel Machnikowski
Pawel Karwat,Pawel Machnikowski
Blazej Jaworowski,Pawel Potasz
Maciej Polak,Pawel Scharoch
Antoni Mitus,Grzegorz Pawlik
Maciej Polak,Pawel Scharoch
Krzysztof Gawarecki,Pawel Machnikowski
Grzegorz Pawlik,Antoni Mitus
Grzegorz Pawlik,Antoni Mitus
Pawel Scharoch,Maciej Polak
Maciej Polak,Pawel Scharoch
Maciej Polak,Pawel Scharoch
Pawel Scharoch,Maciej Polak
Grzegorz Pawlik,Wojciech Radosz
Grzegorz Pawlik,Antoni Mitus
Wojciech Radosz,Antoni Mitus
Antoni Mitus,Grzegorz Pawlik
Antoni Mitus,Grzegorz Pawlik
Katarzyna Roszak,Pawel Machnikowski
Michal Gawelczyk,Pawel Machnikowski
Krzysztof Gawarecki,Pawel Machnikowski
Maciej Polak,Pawel Scharoch
Piotr Kaczmarkiewicz,Pawel Machnikowski
Blazej Jaworowski,Pawel Potasz
Krzysztof Gawarecki,Pawel Machnikowski
Grzegorz Pawlik,Wojciech Radosz
Grzegorz Pawlik,Antoni Mitus
Wojciech Radosz,Antoni Mitus
Grzegorz Pawlik,Antoni Mitus
Grzegorz Pawlik,Antoni Mitus
Pawel Scharoch,Maciej Polak
Krzysztof Gawarecki,Pawel Machnikowski
Anna Sitek,Pawel Machnikowski
Grzegorz Pawlik,Antoni Mitus
Krzysztof Gawarecki,Pawel Machnikowski
Krzysztof Gawarecki,Pawel Machnikowski
Piotr Kaczmarkiewicz,Pawel Machnikowski
Jacek Herbrych,Marcin Mierzejewski
Piotr Kaczmarkiewicz,Pawel Machnikowski
Piotr Kaczmarkiewicz,Pawel Machnikowski
Grzegorz Pawlik,Michal Jarema
Grzegorz Pawlik,Antoni Mitus
Michal Jarema,Antoni Mitus
Grzegorz Pawlik,Antoni Mitus
Piotr Kaczmarkiewicz,Pawel Machnikowski
Krzysztof Gawarecki,Pawel Machnikowski
Michal Jarema,Antoni Mitus
Grzegorz Pawlik,Antoni Mitus
Grzegorz Pawlik,Michal Jarema
Grzegorz Pawlik,Antoni Mitus
Michal Jarema,Antoni Mitus
Grzegorz Pawlik,Wojciech Radosz
Grzegorz Pawlik,Antoni Mitus
Wojciech Radosz,Antoni Mitus
Grzegorz Pawlik,Wojciech Radosz
Grzegorz Pawlik,Antoni Mitus
Wojciech Radosz,Antoni Mitus
Grzegorz Pawlik,Michal Jarema
Grzegorz Pawlik,Antoni Mitus
Michal Jarema,Antoni Mitus
Pawel Karwat,Anna Sitek
Pawel Karwat,Pawel Machnikowski
Anna Sitek,Pawel Machnikowski
Antoni Mitus,Grzegorz Pawlik
Grzegorz Pawlik,Antoni Mitus
Anna Sitek,Pawel Machnikowski
Piotr Kaczmarkiewicz,Pawel Machnikowski
Krzysztof Gawarecki,Pawel Machnikowski
Katarzyna Roszak,Pawel Machnikowski
Piotr Kaczmarkiewicz,Pawel Machnikowski
Antoni Mitus,Grzegorz Pawlik
Grzegorz Pawlik,Antoni Mitus
Grzegorz Pawlik,Antoni Mitus
Grzegorz Pawlik,Michal Jarema
Grzegorz Pawlik,Antoni Mitus
Michal Jarema,Antoni Mitus
Grzegorz Pawlik,Antoni Mitus
Krzysztof Gawarecki,Pawel Machnikowski
Piotr Kaczmarkiewicz,Pawel Machnikowski
Karina Weron,Justyna Trzmiel
Grzegorz Pawlik,Michal Jarema
Grzegorz Pawlik,Antoni Mitus
Michal Jarema,Antoni Mitus
Grzegorz Pawlik,Antoni Mitus
Grzegorz Pawlik,Antoni Mitus
Grzegorz Pawlik,Antoni Mitus
Grzegorz Pawlik,Michal Jarema
Grzegorz Pawlik,Antoni Mitus
Michal Jarema,Antoni Mitus
Grzegorz Pawlik,Antoni Mitus
Katarzyna Roszak,Pawel Machnikowski
Justyna Trzmiel,Karina Weron
Justyna Trzmiel,Karina Weron
Justyna Trzmiel,Karina Weron
Pawel Machnikowski,Katarzyna Roszak
Pawel Machnikowski,Anna Sitek
Katarzyna Roszak,Anna Sitek
Katarzyna Roszak,Pawel Machnikowski
Katarzyna Roszak,Pawel Machnikowski
Michal Jarema,Grzegorz Pawlik
Michal Jarema,Antoni Mitus
Grzegorz Pawlik,Antoni Mitus
Michal Jarema,Grzegorz Pawlik
Michal Jarema,Antoni Mitus
Grzegorz Pawlik,Antoni Mitus
Katarzyna Roszak,Pawel Machnikowski
Katarzyna Roszak,Pawel Machnikowski
Katarzyna Roszak,Pawel Machnikowski
Katarzyna Roszak,Pawel Machnikowski
Justyna Trzmiel,Karina Weron
Antoni Mitus,Grzegorz Pawlik
Antoni Mitus,Grzegorz Pawlik
Katarzyna Roszak,Pawel Machnikowski
Katarzyna Roszak,Pawel Machnikowski
Grzegorz Pawlik,Antoni Mitus
Grzegorz Pawlik,Antoni Mitus
Antoni Mitus,Grzegorz Pawlik
Grzegorz Pawlik,Antoni Mitus
Katarzyna Roszak,Pawel Machnikowski
Katarzyna Roszak,Pawel Machnikowski
Antoni Mitus,Grzegorz Pawlik
Katarzyna Roszak,Pawel Machnikowski
Katarzyna Roszak,Pawel Machnikowski
Katarzyna Roszak,Pawel Machnikowski
Katarzyna Roszak,Pawel Machnikowski
Antoni Mitus,Grzegorz Pawlik
Grzegorz Pawlik,Antoni Mitus
Grzegorz Pawlik,Antoni Mitus
Katarzyna Roszak,Pawel Machnikowski
Katarzyna Roszak,Pawel Machnikowski
Andrzej Janutka,Pawel Machnikowski
Grzegorz Pawlik,Antoni Mitus
Grzegorz Pawlik,Antoni Mitus
Andrzej Janutka,Pawel Machnikowski
Antoni Mitus,Grzegorz Pawlik
Antoni Mitus,Grzegorz Pawlik
Antoni Mitus,Grzegorz Pawlik
Grzegorz Pawlik,Antoni Mitus
Andrzej Janutka,Pawel Machnikowski
Grzegorz Pawlik,Antoni Mitus
Andrzej Janutka,Pawel Rusek
Grzegorz Pawlik,Antoni Mitus
Henryk Konwent,Pawel Machnikowski
Henryk Konwent,Pawel Machnikowski
Henryk Konwent,Pawel Machnikowski
Henryk Konwent,Pawel Machnikowski
